date,season,neutral,playoff,team1,team2,elo1_pre,elo2_pre,elo_prob1,elo_prob2,elo1_post,elo2_post,qbelo1_pre,qbelo2_pre,qb1,qb2,qb1_value_pre,qb2_value_pre,qb1_adj,qb2_adj,qbelo_prob1,qbelo_prob2,qb1_game_value,qb2_game_value,qb1_value_post,qb2_value_post,qbelo1_post,qbelo2_post,score1,score2
2019-09-05,2019,0,,CHI,GB,1588.89793144843,1455.13136993533,0.7584485193045968,0.24155148069540322,1554.22203086172,1489.80727052204,1560.45369029,1519.1959068,Mitchell Trubisky,Aaron Rodgers,174.9582689217,191.50216646682,5.972961817350008,2.8784595288900054,0.64018164190049,0.35981835809951,-36.62708336166,74.72930727437999,153.799733693364,179.82488054757602,1532.56028709753,1547.08930999247,3,10
2019-09-08,2019,0,,CAR,LAR,1519.37877240763,1598.01566621671,0.4803850039945628,0.5196149960054373,1506.14172298054,1611.2527156438,1513.58846646,1590.22702089,Cam Newton,Jared Goff,177.31618401155998,154.32404567943,1.4555715309299941,-2.0256502975500146,0.475029617040791,0.524970382959209,49.37575728954,64.16422839651,164.52214133935797,145.30806395113797,1500.52099662284,1603.29449072716,27,30
2019-09-08,2019,0,,NYJ,BUF,1384.96644235941,1448.42368150679,0.5022201967461954,0.49777980325380455,1377.99930635302,1455.39081751318,1451.59103106,1462.67407273,Sam Darnold,Josh Allen,115.48441421451,151.00717007078998,-0.07271733215999561,12.822434585729988,0.546113784234279,0.453886215765721,112.06274153547,182.00507213987999,115.14224694660598,154.106960277699,1443.90806466366,1470.35703912634,16,17
2019-09-08,2019,0,,CLE,TEN,1455.88640137805,1518.90720352913,0.5028482638546541,0.4971517361453459,1421.31981397536,1553.47379093182,1508.71831839,1502.78808137,Baker Mayfield,Marcus Mariota,172.00309333647,129.5163322233,7.658327563259995,-0.9850907018699991,0.601345066440458,0.398654933559542,-11.008486035029998,197.93253113403,153.70193539931995,136.357952114373,1466.0325390356,1545.4738607244,13,43
2019-09-08,2019,0,,JAX,KC,1455.24907275187,1602.07742712331,0.38436967604805045,0.6156303239519496,1435.17777134696,1622.14872852822,1483.65036114,1607.64637546,Nick Foles,Patrick Mahomes,171.83710458024,221.81181064877998,14.392349819100012,6.970182024299966,0.41564481890163,0.58435518109837,88.35474029019,433.18748048762995,163.488868151235,242.94937763266495,1461.72834082481,1629.56839577519,26,40
2019-09-08,2019,0,,MIA,BAL,1415.17876187059,1570.53924891259,0.37281557491111966,0.6271844250888803,1387.16030057606,1598.55771020712,1375.95596601,1536.47249803,Ryan Fitzpatrick,Lamar Jackson,160.81186355025,122.90448728976,12.77091650868,-9.249038325779988,0.387249691884048,0.612750308115952,21.07686282999,422.47978220778,146.838363478224,152.86201678156198,1346.71685104451,1565.71161299549,10,59
2019-09-08,2019,0,,MIN,ATL,1538.42395425995,1520.31582461035,0.6173720777976055,0.3826279222023945,1559.31605609263,1499.42372277767,1539.6925517,1522.49852923,Kirk Cousins,Matt Ryan,175.32515266035,230.53827939219,0.36781960017000087,10.920207228480034,0.592844833387617,0.407155166612383,127.86158094567,210.62268581706,170.578795488882,228.546720034677,1562.09891971605,1500.09216121395,28,12
2019-09-08,2019,0,,PHI,WSH,1581.51355925233,1441.02179176339,0.7654698543324963,0.23453014566750374,1589.200033619,1433.33531739672,1583.23304804,1423.636541,Carson Wentz,Case Keenum,183.50919280716,139.2241339764,2.600803410149995,3.4123033956000164,0.774389549700803,0.225610450299197,355.5442720071,364.28900623136997,200.712700727154,161.730621201897,1590.60039522611,1416.26919381389,32,27
2019-09-08,2019,0,,SEA,CIN,1565.41164859357,1428.5335151433,0.7617148036094071,0.23828519639059287,1568.43733721152,1425.50782652535,1543.85670887,1414.9584852,Russell Wilson,Andy Dalton,177.20464685318998,123.09229599084,1.4280192088799986,-1.2221746056299814,0.753839702275325,0.246160297724675,111.43732831406999,295.65058110918,170.627914999278,140.34812450267398,1546.99212376182,1411.82307030818,21,20
2019-09-08,2019,0,,LAC,IND,1585.75191800581,1561.07456529967,0.6262644674526644,0.3737355325473356,1599.72736029222,1547.09912301326,1582.6904467,1506.97499853,Philip Rivers,Jacoby Brissett,167.62204809537,108.20605277163,-2.392167948390006,-27.587566727490007,0.718804742277093,0.281195257722907,244.62140254497,218.17424115827998,175.32198354033,119.202871610295,1592.8789915703,1496.7864536597,30,24
2019-09-08,2019,0,,DAL,NYG,1546.63760540507,1442.7255357616,0.7255848739644275,0.2744151260355725,1561.64531234901,1427.71782881766,1542.74175158,1424.9675833,Dak Prescott,Eli Manning,181.38183186585,135.95389421196,4.648537297800001,-1.3907580149099892,0.742930298711618,0.257069701288382,503.57367942881996,262.38319656251997,213.60101662214697,148.596824447016,1556.70976057135,1410.99957430865,35,17
2019-09-08,2019,0,,TB,SF,1444.77266859125,1422.63182461207,0.622840671248458,0.377159328751542,1409.64771139295,1457.75678181037,1443.86845344,1478.88925548,Jameis Winston,Jimmy Garoppolo,170.58036357383997,141.95677213575,2.1512597515199885,0.6191984472300042,0.545569286351451,0.454430713648549,-75.78212156526,68.89315865652,145.94411505992997,134.65041078782698,1413.88714894409,1508.87055997591,17,31
2019-09-08,2019,0,,ARI,DET,1383.74042223536,1490.51940926969,0.44016333887878134,0.5598366611212187,1385.56534920517,1488.69448229988,1383.75510633,1463.42003565,Kyler Murray,Matthew Stafford,112.90158,141.23856869066998,5.708332820190001,-4.964783410620012,0.489629651407836,0.510370348592164,75.82058549736,328.50198406311,109.19348054973601,159.96491022791398,1384.07138615708,1463.10375582292,27,27
2019-09-08,2019,0,,NE,PIT,1640.85648810958,1572.19321967273,0.6833970641922035,0.3166029358077965,1661.35527196907,1551.69443581324,1635.07731396,1557.3313847,Tom Brady,Ben Roethlisberger,215.65951980507,250.02469046477998,5.383617580440031,11.744404700489996,0.676629407595253,0.323370592404747,348.13987120704,116.71156967382001,228.907554945267,236.69337838568396,1656.06286456854,1536.34583409146,33,3
2019-09-09,2019,0,,NO,HOU,1610.93660317005,1515.38853097227,0.7158948727512396,0.28410512724876036,1616.75446431035,1509.57066983197,1596.19850233,1526.88088289,Drew Brees,Deshaun Watson,224.38122753618,191.75953761821998,7.679015260289999,5.778882856559985,0.675670166156079,0.324329833843921,319.01734000619996,225.13956202517997,233.844838783182,195.09754005891597,1602.93438478568,1520.14500043432,30,28
2019-09-09,2019,0,,OAK,DEN,1405.44061778861,1449.16419458668,0.5305810160650128,0.46941898393498716,1425.87140811396,1428.73340426133,1416.51391312,1459.85271934,Derek Carr,Joe Flacco,137.09006674538998,146.88498461570998,-3.5537933224200016,2.159314295489994,0.513941852158292,0.486058147841708,294.57440500586995,151.0267941039,152.83850057143798,147.29916556452898,1437.77982169857,1438.58681076143,24,16
2019-09-12,2019,0,,CAR,TB,1506.14172298054,1409.64771139295,0.7170010787278287,0.2829989212721713,1476.02669457636,1439.76273979713,1500.52099662284,1413.88714894409,Cam Newton,Jameis Winston,164.522141339358,145.94411505993,-5.014228381717485,-10.274427493010997,0.702107007310583,0.297892992689417,55.184791739318996,111.08230799230948,153.5884063793541,142.45793435316796,1471.21207693023,1443.1960686367,14,20
2019-09-15,2019,0,,MIA,NE,1387.16030057606,1661.35527196907,0.23072481027334826,0.7692751897266518,1371.21444164375,1677.30113090138,1346.71685104451,1656.06286456854,Ryan Fitzpatrick,Tom Brady,146.838363478224,228.90755494526698,5.145620647232999,11.738454271516458,0.186361076599538,0.813638923400462,-186.157717794246,256.122084113016,113.538755350977,231.62900786204185,1334.08267264421,1668.69704296884,0,43
2019-09-15,2019,0,,GB,MIN,1489.80727052204,1559.31605609263,0.49351170020322305,0.506488299796777,1507.99464875202,1541.12867786265,1547.08930999247,1562.09891971605,Aaron Rodgers,Kirk Cousins,179.824880547576,170.57879548888198,-3.1041064071764963,-2.0237499655725,0.557225547356222,0.442774452643778,200.057842541832,17.970561822047998,181.8481767470016,155.31797212219857,1562.67330044495,1546.51492926357,21,16
2019-09-15,2019,0,,DET,LAC,1488.69448229988,1599.72736029222,0.43413830208607945,0.5658616979139206,1504.71879316841,1583.70304942369,1463.10375582292,1592.8789915703,Matthew Stafford,Philip Rivers,159.964910227914,175.32198354033,4.646626528532992,1.5774081715094879,0.409145636606509,0.590854363393491,196.011820115991,139.315847238117,163.5696012167217,171.7213699101087,1479.97530673918,1576.00744065404,13,10
2019-09-15,2019,0,,WSH,DAL,1433.33531739672,1561.64531234901,0.4098848002257198,0.5901151997742802,1414.22795853294,1580.75267121279,1416.26919381389,1556.70976057135,Case Keenum,Dak Prescott,161.730621201897,213.60101662214697,14.494931838568508,20.52570281105849,0.377841001056838,0.622158998943162,226.460327750019,428.48334942236994,168.2035918567092,235.08924990216929,1398.83528542337,1574.14366896187,21,31
2019-09-15,2019,0,,TEN,IND,1553.47379093182,1547.09912301326,0.6012954191334732,0.3987045808665268,1539.81897663855,1560.75393730653,1545.4738607244,1496.7864536597,Marcus Mariota,Jacoby Brissett,136.35795211437298,119.20287161029499,2.4849737787599846,-20.709778971783,0.676157019871767,0.323842980128233,101.3466234333465,125.1382292823465,132.85681924627033,119.79640737750013,1529.70025853092,1512.56005585318,17,19
2019-09-15,2019,0,,NYG,BUF,1427.71782881766,1455.39081751318,0.5535121585662888,0.44648784143371123,1397.22163097049,1485.88701536035,1410.99957430865,1470.35703912634,Eli Manning,Josh Allen,148.596824447016,154.106960277699,5.000245003363503,13.731207959897992,0.482772294867889,0.517227705132111,79.36589547432149,195.55128647300398,141.67373154974655,158.2513928972295,1384.9937059504,1496.36290748459,14,28
2019-09-15,2019,0,,CIN,SF,1425.50782652535,1457.75678181037,0.5469934314024829,0.4530065685975171,1389.76159956327,1493.50300877245,1411.82307030818,1508.87055997591,Andy Dalton,Jimmy Garoppolo,140.34812450267398,134.65041078782698,7.466848380568504,-3.0649421490930044,0.46643944126743,0.53356055873257,135.873275528628,277.10175291399145,139.9006396052694,148.89554500044343,1382.11029079329,1538.5833394908,17,41
2019-09-15,2019,0,,PIT,SEA,1551.69443581324,1568.43733721152,0.569004376445462,0.430995623554538,1538.91174286514,1581.22003015962,1536.34583409146,1546.99212376182,Ben Roethlisberger,Russell Wilson,236.69337838568396,170.62791499927798,4.491528425917478,-1.9317476785200185,0.584538184980031,0.415461815019969,28.714343069346032,322.44916866231296,215.89547485405015,185.8100403655815,1523.14635522265,1560.19160263063,26,28
2019-09-15,2019,0,,HOU,JAX,1509.57066983197,1435.17777134696,0.6904897727363537,0.3095102272636463,1513.60572962331,1431.14271155562,1520.14500043432,1461.72834082481,Deshaun Watson,Gardner Minshew,195.09754005891597,32.64624,7.1589399340799975,-121.34401403759247,0.804020444240166,0.195979555759834,24.074397478873497,189.182764021515,177.99522580091175,48.2998924021515,1522.58939054425,1459.28395071488,13,12
2019-09-15,2019,0,,BAL,ARI,1598.55771020712,1385.56534920517,0.8320536957330441,0.1679463042669559,1604.36062171603,1379.76243769626,1565.71161299549,1384.07138615708,Lamar Jackson,Kyler Murray,152.86201678156198,109.19348054973601,6.192178336409992,3.568866454048506,0.805901795378283,0.194098204621717,402.7931758755795,184.6593107041155,177.85513269096373,116.74006356517395,1572.50222653316,1377.28077261941,23,17
2019-09-15,2019,0,,OAK,KC,1425.87140811396,1622.14872852822,0.3195820914825713,0.6804179085174287,1408.11137665204,1639.90875999014,1437.77982169857,1629.56839577519,Derek Carr,Patrick Mahomes,152.83850057143798,242.949377632665,4.49811325672499,17.19045641502754,0.306070276882028,0.693929723117972,31.10329429130553,418.66174541432997,140.66497994342473,260.52061441083146,1420.84998243148,1646.49823504228,10,28
2019-09-15,2019,0,,DEN,CHI,1428.73340426133,1554.22203086172,0.41381885704756305,0.586181142952437,1419.88418247957,1563.07125264348,1438.58681076143,1532.56028709753,Joe Flacco,Mitchell Trubisky,147.299165564529,153.79973369336398,2.258439055125,-4.904953887685517,0.459613156244263,0.540386843755737,227.70913292628597,93.6919757712015,155.3401623007047,147.7889579011477,1428.61555069239,1542.53154716657,14,16
2019-09-15,2019,0,,LAR,NO,1611.2527156438,1616.75446431035,0.5847975451665666,0.41520245483343343,1635.05963154983,1592.94754840432,1603.29449072716,1602.93438478568,Jared Goff,Drew Brees,145.308063951138,233.844838783182,-6.432358646818487,12.026870120776533,0.556321770167792,0.443678229832208,201.96887493954597,-12.856739559312,150.97414504997883,209.1746809489326,1628.96357989808,1577.26529561476,27,9
2019-09-15,2019,0,,ATL,PHI,1499.42372277767,1589.200033619,0.46440434137888753,0.5355956586211125,1516.86025143112,1571.76350496555,1500.09216121395,1590.60039522611,Matt Ryan,Carson Wentz,228.546720034677,200.712700727154,9.378417188299498,11.07251719963949,0.450447630817852,0.549552369182148,151.3408469354265,48.1747929140115,220.82613272475197,185.45890994583974,1518.06377214854,1572.62878429152,24,20
2019-09-16,2019,0,,NYJ,CLE,1377.99930635302,1421.31981397536,0.5311588680791258,0.4688411319208742,1345.33491936636,1453.98420096202,1443.90806466366,1466.0325390356,Trevor Siemian,Baker Mayfield,78.84259024653,153.70193539931998,-36.53982179958001,-1.8751677834780167,0.500308626458233,0.499691373541767,-38.707804407046495,83.441109548511,67.08755078117235,146.67585281423908,1413.44107796579,1496.49952573347,3,23
2019-09-19,2019,0,,JAX,TEN,1431.14271155562,1539.81897663855,0.43747382466748225,0.5625261753325177,1461.43487376262,1509.52681443155,1459.28395071488,1529.70025853092,Gardner Minshew,Marcus Mariota,48.2998924021515,132.85681924627033,-107.44998713463696,0.610158655770492,0.331979879081348,0.668020120918652,272.62760883385397,-2.2430313794449965,70.73266404532174,119.34683418369879,1496.60337885022,1492.38083039558,20,7
2019-09-22,2019,0,,DAL,MIA,1580.75267121279,1371.21444164375,0.8292567833682122,0.17074321663178782,,,,,Dak Prescott,Josh Rosen,235.08924990216929,51.45360845328,30.24353431051689,-73.84661134644915,0.9107991196755365,0.0892008803244635,,,"","",,,,
2019-09-22,2019,0,,NE,NYJ,1677.30113090138,1345.33491936636,0.9076372640184991,0.09236273598150091,,,,,"",Luke Falk,229.84321918342158,23.124419999999997,10.726469337707965,-84.55348122345234,0.9120060924858995,0.08799390751410052,,,"","",,,,
2019-09-22,2019,0,,MIN,OAK,1541.12867786265,1408.11137665204,0.7576574620065255,0.2423425379934745,,,,,Kirk Cousins,Derek Carr,155.3179721221986,140.66497994342475,-9.552974150635396,-1.8135527201180337,0.7372400451880209,0.2627599548119791,,,"","",,,,
2019-09-22,2019,0,,KC,BAL,1639.90875999014,1604.36062171603,0.6407916104033325,0.35920838959666745,,,,,Patrick Mahomes,Lamar Jackson,260.52061441083146,177.85513269096373,25.11655198335951,18.37912737429054,0.690694602553625,0.309305397446375,,,"","",,,,
2019-09-22,2019,0,,GB,DEN,1507.99464875202,1419.88418247957,0.7071070102530641,0.2928929897469359,,,,,Aaron Rodgers,Joe Flacco,181.8481767470016,155.3401623007047,-1.937252987104719,6.166015470456613,0.7432684432579635,0.2567315567420365,,,"","",,,,
2019-09-22,2019,0,,IND,ATL,1560.75393730653,1516.86025143112,0.6517731517758779,0.3482268482241221,,,,,Jacoby Brissett,Matt Ryan,119.79640737750016,220.82613272475191,-19.377522139591107,5.049202673921966,0.5384570423519693,0.46154295764803066,,,"","",,,,
2019-09-22,2019,0,,BUF,CIN,1485.88701536035,1389.76159956327,0.7165703433881626,0.2834296566118374,,,,,Josh Allen,Andy Dalton,158.2513928972295,139.9006396052694,15.116863871668363,6.869763512837942,0.7370735197830891,0.2629264802169109,,,"","",,,,
2019-09-22,2019,0,,PHI,DET,1571.76350496555,1504.71879316841,0.6813777159089712,0.3186222840910288,,,,,Carson Wentz,Matthew Stafford,185.45890994583974,163.5696012167217,2.8919959490003917,6.216640696510202,0.6986838795693259,0.30131612043067413,,,"","",,,,
2019-09-22,2019,0,,TB,NYG,1439.76273979713,1397.22163097049,0.6500039077038455,0.34999609229615447,,,,,Jameis Winston,Daniel Jones,142.45793435316796,110.63447999999998,-11.503796471741298,-29.75056524518595,0.6856596578786449,0.3143403421213551,,,"","",,,,
2019-09-22,2019,0,,ARI,CAR,1379.76243769626,1476.02669457636,0.4551281678954752,0.5448718321045247,,,,,Kyler Murray,"",116.74006356517393,60.63581064154944,7.163714639065031,-103.18298018043805,0.6111874588347677,0.38881254116523234,,,"","",,,,
2019-09-22,2019,0,,SEA,NO,1581.22003015962,1592.94754840432,0.5760700542310849,0.4239299457689151,,,,,Russell Wilson,"",185.8100403655815,88.5719277063225,5.755902388557751,-121.51230554499695,0.7309210257818444,0.26907897421815563,,,"","",,,,
2019-09-22,2019,0,,LAC,HOU,1583.70304942369,1513.60572962331,0.6851804650994758,0.31481953490052417,,,,,Philip Rivers,Deshaun Watson,171.7213699101087,177.99522580091175,-0.30176905217678607,-1.7501641916259387,0.6597904018648744,0.34020959813512563,,,"","",,,,
2019-09-22,2019,0,,SF,PIT,1493.50300877245,1538.91174286514,0.5281642537223823,0.4718357462776177,,,,,Jimmy Garoppolo,Mason Rudolph,148.89554500044343,78.89508,4.210872064669709,-143.1323946152456,0.7867940275512271,0.21320597244877293,,,"","",,,,
2019-09-22,2019,0,,CLE,LAR,1453.98420096202,1635.05963154983,0.33890361733235375,0.6610963826676463,,,,,Baker Mayfield,Jared Goff,146.67585281423908,150.9741450499788,-5.294450686844555,-3.277700165057345,0.3902595152614052,0.6097404847385948,,,"","",,,,
2019-09-23,2019,0,,WSH,CHI,1414.22795853294,1563.07125264348,0.3816287334631154,0.6183712665368846,,,,,Case Keenum,Mitchell Trubisky,168.20359185670918,147.78895790114774,17.006670574046016,-7.665094089409338,0.4122433184115035,0.5877566815884965,,,"","",,,,
2019-09-26,2019,0,,GB,PHI,1507.99464875202,1571.76350496555,0.501771750915623,0.498228249084377,,,,,Aaron Rodgers,Carson Wentz,181.8481767470016,185.45890994583974,-1.937252987104719,2.8919959490003917,0.5617724201102925,0.4382275798897075,,,"","",,,,
2019-09-29,2019,0,,BAL,CLE,1604.36062171603,1453.98420096202,0.7755303030616878,0.2244696969383122,,,,,Lamar Jackson,Baker Mayfield,177.85513269096373,146.67585281423908,18.37912737429054,-5.294450686844555,0.7104342743643595,0.28956572563564054,,,"","",,,,
2019-09-29,2019,0,,HOU,CAR,1513.60572962331,1476.02669457636,0.6434781153940561,0.3565218846059439,,,,,Deshaun Watson,"",177.99522580091175,82.9444336186224,-1.7501641916259387,-80.87435720336511,0.7482436407586822,0.2517563592413178,,,"","",,,,
2019-09-29,2019,0,,BUF,NE,1485.88701536035,1677.30113090138,0.3257000567686463,0.6742999432313537,,,,,Josh Allen,Tom Brady,158.2513928972295,231.6290078620419,15.116863871668363,12.512258016328296,0.3426449445913525,0.6573550554086476,,,"","",,,,
2019-09-29,2019,0,,ATL,TEN,1516.86025143112,1509.52681443155,0.6026178257302879,0.3973821742697121,,,,,Matt Ryan,Marcus Mariota,220.82613272475191,119.34683418369887,5.049202673921966,-6.1753418083037905,0.6304133056313032,0.36958669436869684,,,"","",,,,
2019-09-29,2019,0,,IND,OAK,1560.75393730653,1408.11137665204,0.777793042746568,0.22220695725343198,,,,,Jacoby Brissett,Derek Carr,119.79640737750016,140.66497994342475,-19.377522139591107,-1.8135527201180337,0.6874009940830803,0.3125990059169197,,,"","",,,,
2019-09-29,2019,0,,NYG,WSH,1397.22163097049,1414.22795853294,0.5686324573855511,0.4313675426144489,,,,,Daniel Jones,Case Keenum,110.63447999999998,168.20359185670918,-29.75056524518595,17.006670574046016,0.49308358354043985,0.5069164164595601,,,"","",,,,
2019-09-29,2019,0,,MIA,LAC,1371.21444164375,1583.70304942369,0.29964001265999535,0.7003599873400046,,,,,Josh Rosen,Philip Rivers,51.45360845328,171.7213699101087,-73.84661134644915,-0.30176905217678607,0.1904136434097001,0.8095863565902999,,,"","",,,,
2019-09-29,2019,0,,DET,KC,1504.71879316841,1639.90875999014,0.4003406514644788,0.5996593485355213,,,,,Matthew Stafford,Patrick Mahomes,163.5696012167217,260.52061441083146,6.216640696510202,25.11655198335951,0.323876139033562,0.676123860966438,,,"","",,,,
2019-09-29,2019,0,,ARI,SEA,1379.76243769626,1581.22003015962,0.3131329165795178,0.6868670834204822,,,,,Kyler Murray,Russell Wilson,116.74006356517393,185.8100403655815,7.163714639065031,5.755902388557751,0.33120140431272144,0.6687985956872786,,,"","",,,,
2019-09-29,2019,0,,LAR,TB,1635.05963154983,1439.76273979713,0.8173341315841555,0.18266586841584453,,,,,Jared Goff,Jameis Winston,150.9741450499788,142.45793435316796,-3.277700165057345,-11.503796471741298,0.8104784135247958,0.18952158647520423,,,"","",,,,
2019-09-29,2019,0,,DEN,JAX,1419.88418247957,1461.43487376262,0.5336951203166603,0.46630487968333967,,,,,Joe Flacco,Gardner Minshew,155.3401623007047,70.73266404532185,6.166015470456613,-90.86110195631997,0.6265897575656538,0.3734102424343462,,,"","",,,,
2019-09-29,2019,0,,CHI,MIN,1563.07125264348,1541.12867786265,0.6225725238349918,0.37742747616500816,,,,,Mitchell Trubisky,Kirk Cousins,147.78895790114774,155.3179721221986,-7.665094089409338,-9.552974150635396,0.57755251730247,0.42244748269752996,,,"","",,,,
2019-09-29,2019,0,,NO,DAL,1592.94754840432,1580.75267121279,0.6092996854118566,0.39070031458814336,,,,,Teddy Bridgewater,Dak Prescott,118.09590360842999,235.08924990216929,-91.98832964288945,30.24353431051689,0.41131654389376376,0.5886834561062362,,,"","",,,,
2019-09-30,2019,0,,PIT,CIN,1538.91174286514,1389.76159956327,0.7742990576087126,0.22570094239128735,,,,,Mason Rudolph,Andy Dalton,78.89508,139.9006396052694,-143.1323946152456,6.869763512837942,0.5673153560032717,0.43268464399672835,,,"","",,,,
2019-10-03,2019,0,,SEA,LAR,1581.22003015962,1635.05963154983,0.5160555828045057,0.4839444171954943,,,,,Russell Wilson,Jared Goff,185.8100403655815,150.9741450499788,5.755902388557751,-3.277700165057345,0.5030954044716943,0.4969045955283057,,,"","",,,,
2019-10-06,2019,0,,PHI,NYJ,1571.76350496555,1345.33491936636,0.8425861771210427,0.15741382287895733,,,,,Carson Wentz,Sam Darnold,185.45890994583974,115.14224694660598,2.8919959490003917,7.4643457231536425,0.770052444095917,0.229947555904083,,,"","",,,,
2019-10-06,2019,0,,NYG,MIN,1397.22163097049,1541.12867786265,0.38835659251400845,0.6116434074859916,,,,,Daniel Jones,Kirk Cousins,110.63447999999998,155.3179721221986,-29.75056524518595,-9.552974150635396,0.33044498247592163,0.6695550175240783,,,"","",,,,
2019-10-06,2019,0,,CAR,JAX,1476.02669457636,1461.43487376262,0.6125793307546263,0.38742066924537366,,,,,"",Gardner Minshew,113.92863219789083,70.73266404532185,-49.890158624096664,-90.86110195631997,0.602086540214759,0.39791345978524095,,,"","",,,,
2019-10-06,2019,0,,CIN,ARI,1389.76159956327,1379.76243769626,0.6062866721194218,0.3937133278805782,,,,,Andy Dalton,Kyler Murray,139.9006396052694,116.74006356517393,6.869763512837942,7.163714639065031,0.5936937578648338,0.4063062421351662,,,"","",,,,
2019-10-06,2019,0,,NO,TB,1592.94754840432,1439.76273979713,0.7783320548955917,0.22166794510440835,,,,,Teddy Bridgewater,Jameis Winston,118.09590360842999,142.45793435316796,-91.98832964288945,-11.503796471741298,0.6538667196877932,0.3461332803122068,,,"","",,,,
2019-10-06,2019,0,,TEN,BUF,1509.52681443155,1485.88701536035,0.6248654769628696,0.37513452303713035,,,,,Marcus Mariota,Josh Allen,119.34683418369887,158.2513928972295,-6.1753418083037905,15.116863871668363,0.5462407244673929,0.4537592755326071,,,"","",,,,
2019-10-06,2019,0,,WSH,NE,1414.22795853294,1677.30113090138,0.24228348934875069,0.7577165106512493,,,,,Case Keenum,Tom Brady,168.20359185670918,231.6290078620419,17.006670574046016,12.512258016328296,0.2310295462581866,0.7689704537418134,,,"","",,,,
2019-10-06,2019,1,,OAK,CHI,1408.11137665204,1563.07125264348,0.29069299142275556,0.7093070085772444,,,,,Derek Carr,Mitchell Trubisky,140.66497994342475,147.78895790114774,-1.8135527201180337,-7.665094089409338,0.3392201968378654,0.6607798031621346,,,"","",,,,
2019-10-06,2019,0,,PIT,BAL,1538.91174286514,1604.36062171603,0.4993540117652917,0.5006459882347083,,,,,Mason Rudolph,Lamar Jackson,78.89508,177.85513269096373,-143.1323946152456,18.37912737429054,0.2905532443227315,0.7094467556772686,,,"","",,,,
2019-10-06,2019,0,,HOU,ATL,1513.60572962331,1516.86025143112,0.5879350606730315,0.4120649393269685,,,,,Deshaun Watson,Matt Ryan,177.99522580091175,220.82613272475191,-1.7501641916259387,5.049202673921966,0.5792682887534226,0.4207317112465774,,,"","",,,,
2019-10-06,2019,0,,LAC,DEN,1583.70304942369,1419.88418247957,0.7887133625847078,0.2112866374152922,,,,,Philip Rivers,Joe Flacco,171.7213699101087,155.3401623007047,-0.30176905217678607,6.166015470456613,0.7589422464249321,0.24105775357506787,,,"","",,,,
2019-10-06,2019,0,,DAL,GB,1580.75267121279,1507.99464875202,0.688474894377782,0.311525105622218,,,,,Dak Prescott,Aaron Rodgers,235.08924990216929,181.8481767470016,30.24353431051689,-1.937252987104719,0.6432924830082313,0.3567075169917687,,,"","",,,,
2019-10-06,2019,0,,KC,IND,1639.90875999014,1560.75393730653,0.6963172626887475,0.3036827373112525,,,,,Patrick Mahomes,Jacoby Brissett,260.52061441083146,119.79640737750016,25.11655198335951,-19.377522139591107,0.7947896820130054,0.20521031798699463,,,"","",,,,
2019-10-07,2019,0,,SF,CLE,1493.50300877245,1453.98420096202,0.6460356810616362,0.3539643189383638,,,,,Jimmy Garoppolo,Baker Mayfield,148.89554500044343,146.67585281423908,4.210872064669709,-5.294450686844555,0.6600240733417929,0.3399759266582071,,,"","",,,,
2019-10-10,2019,0,,NE,NYG,1677.30113090138,1397.22163097049,0.8793657089225089,0.12063429107749113,,,,,Tom Brady,Daniel Jones,231.6290078620419,110.63447999999998,12.512258016328296,-29.75056524518595,0.8999747641531742,0.10002523584682577,,,"","",,,,
2019-10-13,2019,1,,TB,CAR,1439.76273979713,1476.02669457636,0.448000670083957,0.5519993299160431,,,,,Jameis Winston,"",142.45793435316796,144.91283077715894,-11.503796471741298,-18.905960044828547,0.4703690537341623,0.5296309462658377,,,"","",,,,
2019-10-13,2019,0,,MIN,PHI,1541.12867786265,1571.76350496555,0.5492948075770918,0.4507051924229082,,,,,Kirk Cousins,Carson Wentz,155.3179721221986,185.45890994583974,-9.552974150635396,2.8919959490003917,0.5292989915929249,0.47070100840707507,,,"","",,,,
2019-10-13,2019,0,,MIA,WSH,1371.21444164375,1414.22795853294,0.5315989232006612,0.46840107679933884,,,,,Josh Rosen,Case Keenum,51.45360845328,168.20359185670918,-73.84661134644915,17.006670574046016,0.3640055982873583,0.6359944017126418,,,"","",,,,
2019-10-13,2019,0,,JAX,NO,1461.43487376262,1592.94754840432,0.40543301082953087,0.5945669891704691,,,,,Gardner Minshew,Teddy Bridgewater,70.73266404532185,118.09590360842999,-90.86110195631997,-91.98832964288945,0.4676478539789149,0.5323521460210852,,,"","",,,,
2019-10-13,2019,0,,CLE,SEA,1453.98420096202,1581.22003015962,0.4113812642968007,0.5886187357031993,,,,,Baker Mayfield,Russell Wilson,146.67585281423908,185.8100403655815,-5.294450686844555,5.755902388557751,0.48323647966884753,0.5167635203311525,,,"","",,,,
2019-10-13,2019,0,,KC,HOU,1639.90875999014,1513.60572962331,0.7504902683233259,0.24950973167667412,,,,,Patrick Mahomes,Deshaun Watson,260.52061441083146,177.99522580091175,25.11655198335951,-1.7501641916259387,0.7684363888879769,0.23156361111202306,,,"","",,,,
2019-10-13,2019,0,,BAL,CIN,1604.36062171603,1389.76159956327,0.8333421440675087,0.16665785593249127,,,,,Lamar Jackson,Andy Dalton,177.85513269096373,139.9006396052694,18.37912737429054,6.869763512837942,0.8158662802583696,0.1841337197416304,,,"","",,,,
2019-10-13,2019,0,,LAR,SF,1635.05963154983,1493.50300877245,0.7665685200018608,0.23343147999813918,,,,,Jared Goff,Jimmy Garoppolo,150.9741450499788,148.89554500044343,-3.277700165057345,4.210872064669709,0.6971794282429433,0.3028205717570567,,,"","",,,,
2019-10-13,2019,0,,ARI,ATL,1379.76243769626,1516.86025143112,0.39770702556877113,0.6022929744312289,,,,,Kyler Murray,Matt Ryan,116.74006356517393,220.82613272475191,7.163714639065031,5.049202673921966,0.39059707784342046,0.6094029221565795,,,"","",,,,
2019-10-13,2019,0,,DEN,TEN,1419.88418247957,1509.52681443155,0.4645957509806934,0.5354042490193066,,,,,Joe Flacco,Marcus Mariota,155.3401623007047,119.34683418369887,6.166015470456613,-6.1753418083037905,0.5110369284583868,0.4889630715416132,,,"","",,,,
2019-10-13,2019,0,,NYJ,DAL,1345.33491936636,1580.75267121279,0.27269272511395615,0.7273072748860439,,,,,Sam Darnold,Dak Prescott,115.14224694660598,235.08924990216929,7.4643457231536425,30.24353431051689,0.3301119775627816,0.6698880224372183,,,"","",,,,
2019-10-13,2019,0,,LAC,PIT,1583.70304942369,1538.91174286514,0.6529449851118602,0.34705501488813983,,,,,Philip Rivers,Mason Rudolph,171.7213699101087,78.89508,-0.30176905217678607,-143.1323946152456,0.816332080304522,0.18366791969547802,,,"","",,,,
2019-10-14,2019,0,,GB,DET,1507.99464875202,1504.71879316841,0.5970112756669073,0.40298872433309274,,,,,Aaron Rodgers,Matthew Stafford,181.8481767470016,163.5696012167217,-1.937252987104719,6.216640696510202,0.6797147161555046,0.3202852838444954,,,"","",,,,
2019-10-17,2019,0,,DEN,KC,1419.88418247957,1639.90875999014,0.2906162013414785,0.7093837986585215,,,,,Joe Flacco,Patrick Mahomes,155.3401623007047,260.52061441083146,6.166015470456613,25.11655198335951,0.2623657215564386,0.7376342784435614,,,"","",,,,
2019-10-20,2019,0,,IND,HOU,1560.75393730653,1513.60572962331,0.6560130537486288,0.34398694625137116,,,,,Jacoby Brissett,Deshaun Watson,119.79640737750016,177.99522580091175,-19.377522139591107,-1.7501641916259387,0.5442529219803135,0.4557470780196865,,,"","",,,,
2019-10-20,2019,0,,NYG,ARI,1397.22163097049,1379.76243769626,0.6164892593228898,0.3835107406771102,,,,,Daniel Jones,Kyler Murray,110.63447999999998,116.74006356517393,-29.75056524518595,7.163714639065031,0.5493209378285709,0.45067906217142906,,,"","",,,,
2019-10-20,2019,0,,ATL,LAR,1516.86025143112,1635.05963154983,0.4240327157055592,0.5759672842944408,,,,,Matt Ryan,Jared Goff,220.82613272475191,150.9741450499788,5.049202673921966,-3.277700165057345,0.43460104549820433,0.5653989545017957,,,"","",,,,
2019-10-20,2019,0,,BUF,MIA,1485.88701536035,1371.21444164375,0.7377445261901098,0.2622554738098902,,,,,Josh Allen,Josh Rosen,158.2513928972295,51.45360845328,15.116863871668363,-73.84661134644915,0.8568941779087579,0.14310582209124212,,,"","",,,,
2019-10-20,2019,0,,DET,MIN,1504.71879316841,1541.12867786265,0.5410518645767467,0.4589481354232533,,,,,Matthew Stafford,Kirk Cousins,163.5696012167217,155.3179721221986,6.216640696510202,-9.552974150635396,0.5092069877157381,0.49079301228426186,,,"","",,,,
2019-10-20,2019,0,,GB,OAK,1507.99464875202,1408.11137665204,0.7209430796265681,0.2790569203734319,,,,,Aaron Rodgers,Derek Carr,181.8481767470016,140.66497994342475,-1.937252987104719,-1.8135527201180337,0.7639222293116589,0.23607777068834113,,,"","",,,,
2019-10-20,2019,0,,WSH,SF,1414.22795853294,1493.50300877245,0.47946810354782976,0.5205318964521702,,,,,Case Keenum,Jimmy Garoppolo,168.20359185670918,148.89554500044343,17.006670574046016,4.210872064669709,0.4114759830175682,0.5885240169824317,,,"","",,,,
2019-10-20,2019,0,,CIN,JAX,1389.76159956327,1461.43487376262,0.49039756724830247,0.5096024327516975,,,,,Andy Dalton,Gardner Minshew,139.9006396052694,70.73266404532185,6.869763512837942,-90.86110195631997,0.5583780321633817,0.44162196783661833,,,"","",,,,
2019-10-20,2019,0,,TEN,LAC,1509.52681443155,1583.70304942369,0.48679740602734445,0.5132025939726556,,,,,Marcus Mariota,Philip Rivers,119.34683418369887,171.7213699101087,-6.1753418083037905,-0.30176905217678607,0.46044438992604186,0.5395556100739581,,,"","",,,,
2019-10-20,2019,0,,CHI,NO,1563.07125264348,1592.94754840432,0.5503755771859458,0.44962442281405424,,,,,Mitchell Trubisky,"",147.78895790114774,125.38220579567034,-7.665094089409338,-84.7020274556491,0.6409191454786634,0.35908085452133665,,,"","",,,,
2019-10-20,2019,0,,SEA,BAL,1581.22003015962,1604.36062171603,0.5599507361379129,0.4400492638620871,,,,,Russell Wilson,Lamar Jackson,185.8100403655815,177.85513269096373,5.755902388557751,18.37912737429054,0.5564440719444249,0.4435559280555751,,,"","",,,,
2019-10-20,2019,0,,DAL,PHI,1580.75267121279,1571.76350496555,0.6048979973108732,0.39510200268912676,,,,,Dak Prescott,Carson Wentz,235.08924990216929,185.45890994583974,30.24353431051689,2.8919959490003917,0.6255158069102792,0.3744841930897208,,,"","",,,,
2019-10-21,2019,0,,NYJ,NE,1345.33491936636,1677.30113090138,0.17700370307013533,0.8229962969298646,,,,,Sam Darnold,Tom Brady,115.14224694660598,231.6290078620419,7.4643457231536425,12.512258016328296,0.23543045773567628,0.7645695422643237,,,"","",,,,
2019-10-24,2019,0,,MIN,WSH,1541.12867786265,1414.22795853294,0.7511339763620113,0.2488660236379887,,,,,Kirk Cousins,Case Keenum,155.3179721221986,168.20359185670918,-9.552974150635396,17.006670574046016,0.7379742204872526,0.2620257795127474,,,"","",,,,
2019-10-27,2019,0,,JAX,NYJ,1461.43487376262,1345.33491936636,0.7393311577109624,0.26066884228903764,,,,,Gardner Minshew,Sam Darnold,70.73266404532185,115.14224694660598,-90.86110195631997,7.4643457231536425,0.5618479438092342,0.4381520561907658,,,"","",,,,
2019-10-27,2019,0,,BUF,PHI,1485.88701536035,1571.76350496555,0.469992421748371,0.5300075782516289,,,,,Josh Allen,Carson Wentz,158.2513928972295,185.45890994583974,15.116863871668363,2.8919959490003917,0.48856529945999916,0.5114347005400008,,,"","",,,,
2019-10-27,2019,0,,TEN,TB,1509.52681443155,1439.76273979713,0.6847665222627671,0.31523347773723287,,,,,Marcus Mariota,Jameis Winston,119.34683418369887,142.45793435316796,-6.1753418083037905,-11.503796471741298,0.6558071247952739,0.3441928752047261,,,"","",,,,
2019-10-27,2019,0,,DET,NYG,1504.71879316841,1397.22163097049,0.7296748412050886,0.27032515879491137,,,,,Matthew Stafford,Daniel Jones,163.5696012167217,110.63447999999998,6.216640696510202,-29.75056524518595,0.7467515155161532,0.25324848448384685,,,"","",,,,
2019-10-27,2019,0,,CHI,LAC,1563.07125264348,1583.70304942369,0.5635061369205355,0.4364938630794645,,,,,Mitchell Trubisky,Philip Rivers,147.78895790114774,171.7213699101087,-7.665094089409338,-0.30176905217678607,0.5302977255051435,0.46970227449485646,,,"","",,,,
2019-10-27,2019,0,,HOU,OAK,1513.60572962331,1408.11137665204,0.7273947206534098,0.2726052793465902,,,,,Deshaun Watson,Derek Carr,177.99522580091175,140.66497994342475,-1.7501641916259387,-1.8135527201180337,0.719142972360321,0.280857027639679,,,"","",,,,
2019-10-27,2019,0,,ATL,SEA,1516.86025143112,1581.22003015962,0.5009213514296489,0.4990786485703511,,,,,Matt Ryan,Russell Wilson,220.82613272475191,185.8100403655815,5.049202673921966,5.755902388557751,0.5300183526758653,0.4699816473241347,,,"","",,,,
2019-10-27,2019,1,,LAR,CIN,1635.05963154983,1389.76159956327,0.8040889203503887,0.1959110796496113,,,,,Jared Goff,Andy Dalton,150.9741450499788,139.9006396052694,-3.277700165057345,6.869763512837942,0.7961800362038646,0.20381996379613543,,,"","",,,,
2019-10-27,2019,0,,NO,ARI,1592.94754840432,1379.76243769626,0.8322086884188689,0.16779131158113114,,,,,"",Kyler Murray,174.56474555954148,116.74006356517393,-35.519487691777975,7.163714639065031,0.7777536033397411,0.22224639666025892,,,"","",,,,
2019-10-27,2019,0,,SF,CAR,1493.50300877245,1476.02669457636,0.6165125606631718,0.38348743933682816,,,,,Jimmy Garoppolo,Cam Newton,148.89554500044343,153.5884063793541,4.210872064669709,-10.230384442633412,0.6985632188144812,0.30143678118551875,,,"","",,,,
2019-10-27,2019,0,,IND,DEN,1560.75393730653,1419.88418247957,0.7658602533851803,0.23413974661481973,,,,,Jacoby Brissett,Joe Flacco,119.79640737750016,155.3401623007047,-19.377522139591107,6.166015470456613,0.6628085502321189,0.33719144976788107,,,"","",,,,
2019-10-27,2019,0,,NE,CLE,1677.30113090138,1453.98420096202,0.8401958024527622,0.15980419754723785,,,,,Tom Brady,Baker Mayfield,231.6290078620419,146.67585281423908,12.512258016328296,-5.294450686844555,0.8057731161723755,0.19422688382762454,,,"","",,,,
2019-10-27,2019,0,,KC,GB,1639.90875999014,1507.99464875202,0.7564895280303519,0.24351047196964815,,,,,Patrick Mahomes,Aaron Rodgers,260.52061441083146,181.8481767470016,25.11655198335951,-1.937252987104719,0.7244064722645889,0.2755935277354111,,,"","",,,,
2019-10-28,2019,0,,PIT,MIA,1538.91174286514,1371.21444164375,0.7924098993893478,0.2075901006106522,,,,,Mason Rudolph,Josh Rosen,78.89508,51.45360845328,-143.1323946152456,-73.84661134644915,0.736757081850203,0.26324291814979695,,,"","",,,,
2019-10-31,2019,0,,ARI,SF,1379.76243769626,1493.50300877245,0.4303132342029108,0.5696867657970892,,,,,Kyler Murray,Jimmy Garoppolo,116.74006356517393,148.89554500044343,7.163714639065031,4.210872064669709,0.35887842526320873,0.6411215747367913,,,"","",,,,
2019-11-03,2019,1,,JAX,HOU,1461.43487376262,1513.60572962331,0.42547935923088986,0.5745206407691101,,,,,Gardner Minshew,Deshaun Watson,70.73266404532185,177.99522580091175,-90.86110195631997,-1.7501641916259387,0.34016673043709,0.65983326956291,,,"","",,,,
2019-11-03,2019,0,,PHI,CHI,1571.76350496555,1563.07125264348,0.6044894377229308,0.39551056227706916,,,,,Carson Wentz,Mitchell Trubisky,185.45890994583974,147.78895790114774,2.8919959490003917,-7.665094089409338,0.637823330077762,0.36217666992223796,,,"","",,,,
2019-11-03,2019,0,,KC,MIN,1639.90875999014,1541.12867786265,0.7196636744626416,0.28033632553735843,,,,,Patrick Mahomes,Kirk Cousins,260.52061441083146,155.3179721221986,25.11655198335951,-9.552974150635396,0.7504992574152376,0.2495007425847624,,,"","",,,,
2019-11-03,2019,0,,CAR,TEN,1476.02669457636,1509.52681443155,0.5452081697197091,0.4547918302802909,,,,,Cam Newton,Marcus Mariota,153.5884063793541,119.34683418369887,-10.230384442633412,-6.1753418083037905,0.544681698674251,0.455318301325749,,,"","",,,,
2019-11-03,2019,0,,PIT,IND,1538.91174286514,1560.75393730653,0.5617915835064395,0.43820841649356046,,,,,Mason Rudolph,Jacoby Brissett,78.89508,119.79640737750016,-143.1323946152456,-19.377522139591107,0.41890317190633336,0.5810968280936666,,,"","",,,,
2019-11-03,2019,0,,MIA,NYJ,1371.21444164375,1345.33491936636,0.6278827805385749,0.37211721946142506,,,,,Josh Rosen,Sam Darnold,51.45360845328,115.14224694660598,-73.84661134644915,7.4643457231536425,0.3581823817782532,0.6418176182217468,,,"","",,,,
2019-11-03,2019,0,,BUF,WSH,1485.88701536035,1414.22795853294,0.6871164631823545,0.31288353681764547,,,,,Josh Allen,Case Keenum,158.2513928972295,168.20359185670918,15.116863871668363,17.006670574046016,0.7055190092785917,0.2944809907214083,,,"","",,,,
2019-11-03,2019,0,,SEA,TB,1581.22003015962,1439.76273979713,0.7664661852158682,0.23353381478413182,,,,,Russell Wilson,Jameis Winston,185.8100403655815,142.45793435316796,5.755902388557751,-11.503796471741298,0.7590705060035908,0.24092949399640917,,,"","",,,,
2019-11-03,2019,0,,OAK,DET,1408.11137665204,1504.71879316841,0.45463834246022167,0.5453616575397784,,,,,Derek Carr,Matthew Stafford,140.66497994342475,163.5696012167217,-1.8135527201180337,6.216640696510202,0.4944738846648498,0.5055261153351502,,,"","",,,,
2019-11-03,2019,0,,DEN,CLE,1419.88418247957,1453.98420096202,0.5443517711181244,0.4556482288818756,,,,,Joe Flacco,Baker Mayfield,155.3401623007047,146.67585281423908,6.166015470456613,-5.294450686844555,0.5050122453187254,0.49498775468127465,,,"","",,,,
2019-11-03,2019,0,,LAC,GB,1583.70304942369,1507.99464875202,0.692105810223821,0.307894189776179,,,,,Philip Rivers,Aaron Rodgers,171.7213699101087,181.8481767470016,-0.30176905217678607,-1.937252987104719,0.6090112810821472,0.3909887189178528,,,"","",,,,
2019-11-03,2019,0,,BAL,NE,1604.36062171603,1677.30113090138,0.4885746779073301,0.5114253220926699,,,,,Lamar Jackson,Tom Brady,177.85513269096373,231.6290078620419,18.37912737429054,12.512258016328296,0.45128123052721275,0.5487187694727873,,,"","",,,,
2019-11-04,2019,0,,NYG,DAL,1397.22163097049,1580.75267121279,0.335743807476029,0.664256192523971,,,,,Daniel Jones,Dak Prescott,110.63447999999998,235.08924990216929,-29.75056524518595,30.24353431051689,0.2524361961258473,0.7475638038741528,,,"","",,,,
2019-11-07,2019,0,,OAK,LAC,1408.11137665204,1583.70304942369,0.34601170657157615,0.6539882934284238,,,,,Derek Carr,Philip Rivers,140.66497994342475,171.7213699101087,-1.8135527201180337,-0.30176905217678607,0.3600954765737372,0.6399045234262628,,,"","",,,,
2019-11-10,2019,0,,GB,CAR,1507.99464875202,1476.02669457636,0.6360341967953891,0.3639658032046109,,,,,Aaron Rodgers,Cam Newton,181.8481767470016,153.5884063793541,-1.937252987104719,-10.230384442633412,0.7125955796688168,0.2874044203311832,,,"","",,,,
2019-11-10,2019,0,,CLE,BUF,1453.98420096202,1485.88701536035,0.547487121483908,0.452512878516092,,,,,Baker Mayfield,Josh Allen,146.67585281423908,158.2513928972295,-5.294450686844555,15.116863871668363,0.5507949606537345,0.44920503934626554,,,"","",,,,
2019-11-10,2019,0,,CHI,DET,1563.07125264348,1504.71879316841,0.6704174746447256,0.32958252535527444,,,,,Mitchell Trubisky,Matthew Stafford,147.78895790114774,163.5696012167217,-7.665094089409338,6.216640696510202,0.6461715034935366,0.3538284965064634,,,"","",,,,
2019-11-10,2019,0,,CIN,BAL,1389.76159956327,1604.36062171603,0.29709679567189673,0.7029032043281033,,,,,Andy Dalton,Lamar Jackson,139.9006396052694,177.85513269096373,6.869763512837942,18.37912737429054,0.30240186749944875,0.6975981325005512,,,"","",,,,
2019-11-10,2019,0,,TB,ARI,1439.76273979713,1379.76243769626,0.6725100263401016,0.3274899736598984,,,,,Jameis Winston,Kyler Murray,142.45793435316796,116.74006356517393,-11.503796471741298,7.163714639065031,0.6525157688067296,0.34748423119327043,,,"","",,,,
2019-11-10,2019,0,,NYJ,NYG,1345.33491936636,1397.22163097049,0.5188625830040421,0.4811374169959579,,,,,Sam Darnold,Daniel Jones,115.14224694660598,110.63447999999998,7.4643457231536425,-29.75056524518595,0.6669867574497979,0.33301324255020215,,,"","",,,,
2019-11-10,2019,0,,NO,ATL,1592.94754840432,1516.86025143112,0.6925703981805715,0.30742960181942847,,,,,Drew Brees,Matt Ryan,209.1746809489326,220.82613272475191,-0.9095523023868544,5.049202673921966,0.653142391864494,0.34685760813550603,,,"","",,,,
2019-11-10,2019,0,,TEN,KC,1509.52681443155,1639.90875999014,0.4070030122014828,0.5929969877985173,,,,,Marcus Mariota,Patrick Mahomes,119.34683418369887,260.52061441083146,-6.1753418083037905,25.11655198335951,0.3230170142234129,0.6769829857765871,,,"","",,,,
2019-11-10,2019,0,,IND,MIA,1560.75393730653,1371.21444164375,0.8123338966646519,0.18766610333534806,,,,,Jacoby Brissett,Josh Rosen,119.79640737750016,51.45360845328,-19.377522139591107,-73.84661134644915,0.8430245314742199,0.15697546852578015,,,"","",,,,
2019-11-10,2019,0,,PIT,LAR,1538.91174286514,1635.05963154983,0.4552942914085989,0.5447057085914011,,,,,Mason Rudolph,Jared Goff,78.89508,150.9741450499788,-143.1323946152456,-3.277700165057345,0.25260264960196854,0.7473973503980315,,,"","",,,,
2019-11-10,2019,0,,DAL,MIN,1580.75267121279,1541.12867786265,0.646174129899299,0.353825870100701,,,,,Dak Prescott,Kirk Cousins,235.08924990216929,155.3179721221986,30.24353431051689,-9.552974150635396,0.6736576360113546,0.32634236398864536,,,"","",,,,
2019-11-11,2019,0,,SF,SEA,1493.50300877245,1581.22003015962,0.46735408735379524,0.5326459126462048,,,,,Jimmy Garoppolo,Russell Wilson,148.89554500044343,185.8100403655815,4.210872064669709,5.755902388557751,0.5496021088122385,0.4503978911877615,,,"","",,,,
2019-11-14,2019,0,,CLE,PIT,1453.98420096202,1538.91174286514,0.4713533681614868,0.5286466318385132,,,,,Baker Mayfield,Mason Rudolph,146.67585281423908,78.89508,-5.294450686844555,-143.1323946152456,0.7229832982087488,0.27701670179125115,,,"","",,,,
2019-11-17,2019,0,,MIN,DEN,1541.12867786265,1419.88418247957,0.7449978767541884,0.2550021232458116,,,,,Kirk Cousins,Joe Flacco,155.3179721221986,155.3401623007047,-9.552974150635396,6.166015470456613,0.715232587942328,0.284767412057672,,,"","",,,,
2019-11-17,2019,0,,IND,JAX,1560.75393730653,1461.43487376262,0.7202891959219818,0.2797108040780182,,,,,Jacoby Brissett,"",119.79640737750016,101.34221140027313,-19.377522139591107,-60.25155460136869,0.6592356041486837,0.34076439585131635,,,"","",,,,
2019-11-17,2019,0,,DET,DAL,1504.71879316841,1580.75267121279,0.48412630929906475,0.5158736907009353,,,,,Matthew Stafford,Dak Prescott,163.5696012167217,235.08924990216929,6.216640696510202,30.24353431051689,0.41570599610850345,0.5842940038914965,,,"","",,,,
2019-11-17,2019,0,,BAL,HOU,1604.36062171603,1513.60572962331,0.7102497310711243,0.2897502689288757,,,,,Lamar Jackson,Deshaun Watson,177.85513269096373,177.99522580091175,18.37912737429054,-1.7501641916259387,0.6789010882693761,0.3210989117306239,,,"","",,,,
2019-11-17,2019,0,,MIA,BUF,1371.21444164375,1485.88701536035,0.4289985232167413,0.5710014767832587,,,,,Josh Rosen,Josh Allen,51.45360845328,158.2513928972295,-73.84661134644915,15.116863871668363,0.24921187546623244,0.7507881245337675,,,"","",,,,
2019-11-17,2019,0,,CAR,ATL,1476.02669457636,1516.86025143112,0.5347223284274545,0.4652776715725455,,,,,Cam Newton,Matt Ryan,153.5884063793541,220.82613272475191,-10.230384442633412,5.049202673921966,0.4910410355868361,0.5089589644131639,,,"","",,,,
2019-11-17,2019,0,,WSH,NYJ,1414.22795853294,1345.33491936636,0.6836831741996419,0.31631682580035814,,,,,Case Keenum,Sam Darnold,168.20359185670918,115.14224694660598,17.006670574046016,7.4643457231536425,0.5724905237703138,0.42750947622968616,,,"","",,,,
2019-11-17,2019,0,,TB,NO,1439.76273979713,1592.94754840432,0.37574867149095126,0.6242513285090487,,,,,Jameis Winston,Drew Brees,142.45793435316796,209.1746809489326,-11.503796471741298,-0.9095523023868544,0.37633620211909,0.62366379788091,,,"","",,,,
2019-11-17,2019,0,,SF,ARI,1493.50300877245,1379.76243769626,0.7367051885532259,0.26329481144677414,,,,,Jimmy Garoppolo,Kyler Murray,148.89554500044343,116.74006356517393,4.210872064669709,7.163714639065031,0.7760567805092077,0.22394321949079232,,,"","",,,,
2019-11-17,2019,0,,OAK,CIN,1408.11137665204,1389.76159956327,0.6177006195479315,0.38229938045206846,,,,,Derek Carr,Andy Dalton,140.66497994342475,139.9006396052694,-1.8135527201180337,6.869763512837942,0.630964612950456,0.369035387049544,,,"","",,,,
2019-11-17,2019,0,,PHI,NE,1571.76350496555,1677.30113090138,0.441924961665847,0.5580750383341531,,,,,Carson Wentz,Tom Brady,185.45890994583974,231.6290078620419,2.8919959490003917,12.512258016328296,0.4289978554081505,0.5710021445918495,,,"","",,,,
2019-11-17,2019,0,,LAR,CHI,1635.05963154983,1563.07125264348,0.6875238767198183,0.3124761232801817,,,,,Jared Goff,Mitchell Trubisky,150.9741450499788,147.78895790114774,-3.277700165057345,-7.665094089409338,0.6996060200126208,0.30039397998737916,,,"","",,,,
2019-11-18,2019,1,,LAC,KC,1583.70304942369,1639.90875999014,0.41981178534261904,0.5801882146573809,,,,,Philip Rivers,Patrick Mahomes,171.7213699101087,260.52061441083146,-0.30176905217678607,25.11655198335951,0.36537796829607516,0.6346220317039248,,,"","",,,,
2019-11-21,2019,0,,HOU,IND,1513.60572962331,1560.75393730653,0.5256682096663086,0.47433179033369144,,,,,Deshaun Watson,Jacoby Brissett,177.99522580091175,119.79640737750016,-1.7501641916259387,-19.377522139591107,0.6214919241687746,0.37850807583122537,,,"","",,,,
2019-11-24,2019,0,,WSH,DET,1414.22795853294,1504.71879316841,0.46338142173272495,0.536618578267275,,,,,Case Keenum,Matthew Stafford,168.20359185670918,163.5696012167217,17.006670574046016,6.216640696510202,0.48023353691553783,0.5197664630844622,,,"","",,,,
2019-11-24,2019,0,,NYJ,OAK,1345.33491936636,1408.11137665204,0.5031998915049716,0.4968001084950284,,,,,Sam Darnold,Derek Carr,115.14224694660598,140.66497994342475,7.4643457231536425,-1.8135527201180337,0.5953547775871516,0.4046452224128484,,,"","",,,,
2019-11-24,2019,0,,CLE,MIA,1453.98420096202,1371.21444164375,0.7006995159642276,0.29930048403577236,,,,,Baker Mayfield,Josh Rosen,146.67585281423908,51.45360845328,-5.294450686844555,-73.84661134644915,0.8417101733923709,0.15828982660762914,,,"","",,,,
2019-11-24,2019,0,,ATL,TB,1516.86025143112,1439.76273979713,0.6938071759714126,0.3061928240285874,,,,,Matt Ryan,Jameis Winston,220.82613272475191,142.45793435316796,5.049202673921966,-11.503796471741298,0.7010769914543074,0.29892300854569265,,,"","",,,,
2019-11-24,2019,0,,CHI,NYG,1563.07125264348,1397.22163097049,0.7906548571300028,0.20934514286999717,,,,,Mitchell Trubisky,Daniel Jones,147.78895790114774,110.63447999999998,-7.665094089409338,-29.75056524518595,0.7968725293407348,0.20312747065926517,,,"","",,,,
2019-11-24,2019,0,,BUF,DEN,1485.88701536035,1419.88418247957,0.680074223796094,0.31992577620390605,,,,,Josh Allen,Joe Flacco,158.2513928972295,155.3401623007047,15.116863871668363,6.166015470456613,0.6877802600908482,0.31221973990915175,,,"","",,,,
2019-11-24,2019,0,,NO,CAR,1592.94754840432,1476.02669457636,0.7402408239731805,0.2597591760268195,,,,,Drew Brees,Cam Newton,209.1746809489326,153.5884063793541,-0.9095523023868544,-10.230384442633412,0.7302134243161145,0.26978657568388553,,,"","",,,,
2019-11-24,2019,0,,CIN,PIT,1389.76159956327,1538.91174286514,0.3812119791155712,0.6187880208844287,,,,,Andy Dalton,Mason Rudolph,139.9006396052694,78.89508,6.869763512837942,-143.1323946152456,0.592457071290008,0.407542928709992,,,"","",,,,
2019-11-24,2019,0,,TEN,JAX,1509.52681443155,1461.43487376262,0.6572379245380991,0.34276207546190085,,,,,Marcus Mariota,"",119.34683418369887,132.8793207962837,-6.1753418083037905,-28.714445205358114,0.606730048850176,0.393269951149824,,,"","",,,,
2019-11-24,2019,0,,NE,DAL,1677.30113090138,1580.75267121279,0.7170646723384065,0.28293532766159346,,,,,Tom Brady,Dak Prescott,231.6290078620419,235.08924990216929,12.512258016328296,30.24353431051689,0.6888062911268856,0.31119370887311437,,,"","",,,,
2019-11-24,2019,0,,SF,GB,1493.50300877245,1507.99464875202,0.572179611106599,0.427820388893401,,,,,Jimmy Garoppolo,Aaron Rodgers,148.89554500044343,181.8481767470016,4.210872064669709,-1.937252987104719,0.56354727982674,0.43645272017326,,,"","",,,,
2019-11-24,2019,0,,PHI,SEA,1571.76350496555,1581.22003015962,0.5792594105907835,0.42074058940921655,,,,,Carson Wentz,Russell Wilson,185.45890994583974,185.8100403655815,2.8919959490003917,5.755902388557751,0.6050274576373137,0.3949725423626863,,,"","",,,,
2019-11-25,2019,0,,LAR,BAL,1635.05963154983,1604.36062171603,0.6343415390632198,0.3656584609367802,,,,,Jared Goff,Lamar Jackson,150.9741450499788,177.85513269096373,-3.277700165057345,18.37912737429054,0.630362880346745,0.36963711965325496,,,"","",,,,
2019-11-28,2019,0,,DET,CHI,1504.71879316841,1563.07125264348,0.5095654126236995,0.4904345873763005,,,,,Matthew Stafford,Mitchell Trubisky,163.5696012167217,147.78895790114774,6.216640696510202,-7.665094089409338,0.5104651403563333,0.4895348596436667,,,"","",,,,
2019-11-28,2019,0,,DAL,BUF,1580.75267121279,1485.88701536035,0.7150952201317248,0.2849047798682752,,,,,Dak Prescott,Josh Allen,235.08924990216929,158.2513928972295,30.24353431051689,15.116863871668363,0.7066908486938459,0.2933091513061541,,,"","",,,,
2019-11-28,2019,0,,ATL,NO,1516.86025143112,1592.94754840432,0.484049511139347,0.515950488860653,,,,,Matt Ryan,Drew Brees,220.82613272475191,209.1746809489326,5.049202673921966,-0.9095523023868544,0.5049750342533129,0.4950249657466871,,,"","",,,,
2019-12-01,2019,0,,CIN,NYJ,1389.76159956327,1345.33491936636,0.6524691922101579,0.34753080778984213,,,,,Andy Dalton,Sam Darnold,139.9006396052694,115.14224694660598,6.869763512837942,7.4643457231536425,0.5363992151224068,0.46360078487759315,,,"","",,,,
2019-12-01,2019,0,,MIA,PHI,1371.21444164375,1571.76350496555,0.3142588679633269,0.6857411320366731,,,,,Josh Rosen,Carson Wentz,51.45360845328,185.45890994583974,-73.84661134644915,2.8919959490003917,0.18616689881335177,0.8138331011866482,,,"","",,,,
2019-12-01,2019,0,,CAR,WSH,1476.02669457636,1414.22795853294,0.6747860048649956,0.3252139951350044,,,,,Cam Newton,Case Keenum,153.5884063793541,168.20359185670918,-10.230384442633412,17.006670574046016,0.6420332620395817,0.35796673796041834,,,"","",,,,
2019-12-01,2019,0,,KC,OAK,1639.90875999014,1408.11137665204,0.8466420255348738,0.15335797446512622,,,,,Patrick Mahomes,Derek Carr,260.52061441083146,140.66497994342475,25.11655198335951,-1.8135527201180337,0.8587670830851144,0.1412329169148856,,,"","",,,,
2019-12-01,2019,0,,NYG,GB,1397.22163097049,1507.99464875202,0.4345058183760923,0.5654941816239076,,,,,Daniel Jones,Aaron Rodgers,110.63447999999998,181.8481767470016,-29.75056524518595,-1.937252987104719,0.299657191144544,0.700342808855456,,,"","",,,,
2019-12-01,2019,0,,IND,TEN,1560.75393730653,1509.52681443155,0.6612919962768202,0.3387080037231798,,,,,Jacoby Brissett,Marcus Mariota,119.79640737750016,119.34683418369887,-19.377522139591107,-6.1753418083037905,0.5896558065122047,0.4103441934877953,,,"","",,,,
2019-12-01,2019,0,,JAX,TB,1461.43487376262,1439.76273979713,0.6222066476107686,0.3777933523892314,,,,,Nick Foles,Jameis Winston,163.488868151235,142.45793435316796,1.8951021495931797,-11.503796471741298,0.6693179124973904,0.33068208750260963,,,"","",,,,
2019-12-01,2019,0,,BAL,SF,1604.36062171603,1493.50300877245,0.733473500423505,0.266526499576495,,,,,Lamar Jackson,Jimmy Garoppolo,177.85513269096373,148.89554500044343,18.37912737429054,4.210872064669709,0.6569888581802289,0.3430111418197711,,,"","",,,,
2019-12-01,2019,0,,ARI,LAR,1379.76243769626,1635.05963154983,0.2505955190113919,0.7494044809886081,,,,,Kyler Murray,Jared Goff,116.74006356517393,150.9741450499788,7.163714639065031,-3.277700165057345,0.2606448624705015,0.7393551375294984,,,"","",,,,
2019-12-01,2019,0,,PIT,CLE,1538.91174286514,1453.98420096202,0.703297974136374,0.29670202586362604,,,,,Mason Rudolph,Baker Mayfield,78.89508,146.67585281423908,-143.1323946152456,-5.294450686844555,0.4204742900595894,0.5795257099404105,,,"","",,,,
2019-12-01,2019,0,,DEN,LAC,1419.88418247957,1583.70304942369,0.3615028873142875,0.6384971126857125,,,,,Joe Flacco,Philip Rivers,155.3401623007047,171.7213699101087,6.166015470456613,-0.30176905217678607,0.3833012112497087,0.6166987887502913,,,"","",,,,
2019-12-01,2019,0,,HOU,NE,1513.60572962331,1677.30113090138,0.3616669520872765,0.6383330479127235,,,,,Deshaun Watson,Tom Brady,177.99522580091175,231.6290078620419,-1.7501641916259387,12.512258016328296,0.3612680703493927,0.6387319296506073,,,"","",,,,
2019-12-02,2019,0,,SEA,MIN,1581.22003015962,1541.12867786265,0.6467889872799805,0.35321101272001953,,,,,Russell Wilson,Kirk Cousins,185.8100403655815,155.3179721221986,5.755902388557751,-9.552974150635396,0.6261043239828722,0.3738956760171278,,,"","",,,,
2019-12-05,2019,0,,CHI,DAL,1563.07125264348,1580.75267121279,0.5676789755332883,0.4323210244667117,,,,,Mitchell Trubisky,Dak Prescott,147.78895790114774,235.08924990216929,-7.665094089409338,30.24353431051689,0.48381170961550396,0.5161882903844961,,,"","",,,,
2019-12-08,2019,0,,MIN,DET,1541.12867786265,1504.71879316841,0.6419326333358599,0.3580673666641401,,,,,Kirk Cousins,Matthew Stafford,155.3179721221986,163.5696012167217,-9.552974150635396,6.216640696510202,0.6505240287012484,0.34947597129875163,,,"","",,,,
2019-12-08,2019,0,,GB,WSH,1507.99464875202,1414.22795853294,0.7138046151796715,0.28619538482032847,,,,,Aaron Rodgers,Case Keenum,181.8481767470016,168.20359185670918,-1.937252987104719,17.006670574046016,0.7625445469567347,0.23745545304326532,,,"","",,,,
2019-12-08,2019,0,,CLE,CIN,1453.98420096202,1389.76159956327,0.6778404659639191,0.3221595340360809,,,,,Baker Mayfield,Andy Dalton,146.67585281423908,139.9006396052694,-5.294450686844555,6.869763512837942,0.7130414618014238,0.2869585381985762,,,"","",,,,
2019-12-08,2019,0,,ATL,CAR,1516.86025143112,1476.02669457636,0.6477644332604257,0.35223556673957435,,,,,Matt Ryan,Cam Newton,220.82613272475191,153.5884063793541,5.049202673921966,-10.230384442633412,0.6636210951385156,0.33637890486148436,,,"","",,,,
2019-12-08,2019,0,,HOU,DEN,1513.60572962331,1419.88418247957,0.7137515251528794,0.28624847484712057,,,,,Deshaun Watson,Joe Flacco,177.99522580091175,155.3401623007047,-1.7501641916259387,6.166015470456613,0.6968486670140855,0.30315133298591446,,,"","",,,,
2019-12-08,2019,0,,TB,IND,1439.76273979713,1560.75393730653,0.4201125840108016,0.5798874159891985,,,,,Jameis Winston,Jacoby Brissett,142.45793435316796,119.79640737750016,-11.503796471741298,-19.377522139591107,0.49550434124770637,0.5044956587522936,,,"","",,,,
2019-12-08,2019,0,,BUF,BAL,1485.88701536035,1604.36062171603,0.423647228724911,0.576352771275089,,,,,Josh Allen,Lamar Jackson,158.2513928972295,177.85513269096373,15.116863871668363,18.37912737429054,0.4664698276319389,0.5335301723680611,,,"","",,,,
2019-12-08,2019,0,,NO,SF,1592.94754840432,1493.50300877245,0.7204346961566214,0.27956530384337863,,,,,Drew Brees,Jimmy Garoppolo,209.1746809489326,148.89554500044343,-0.9095523023868544,4.210872064669709,0.6350740246354283,0.3649259753645717,,,"","",,,,
2019-12-08,2019,0,,NYJ,MIA,1345.33491936636,1371.21444164375,0.5560621694190249,0.44393783058097513,,,,,Sam Darnold,Josh Rosen,115.14224694660598,51.45360845328,7.4643457231536425,-73.84661134644915,0.7801451638758216,0.21985483612417844,,,"","",,,,
2019-12-08,2019,0,,JAX,LAC,1461.43487376262,1583.70304942369,0.418322837092735,0.581677162907265,,,,,Nick Foles,Philip Rivers,163.488868151235,171.7213699101087,1.8951021495931797,-0.30176905217678607,0.4800750848384963,0.5199249151615037,,,"","",,,,
2019-12-08,2019,0,,OAK,TEN,1408.11137665204,1509.52681443155,0.44778503615795984,0.5522149638420402,,,,,Derek Carr,Marcus Mariota,140.66497994342475,119.34683418369887,-1.8135527201180337,-6.1753418083037905,0.49371068688591463,0.5062893131140853,,,"","",,,,
2019-12-08,2019,0,,ARI,PIT,1379.76243769626,1538.91174286514,0.3677301344764898,0.6322698655235102,,,,,Kyler Murray,Mason Rudolph,116.74006356517393,78.89508,7.163714639065031,-143.1323946152456,0.5949170997574639,0.4050829002425361,,,"","",,,,
2019-12-08,2019,0,,NE,KC,1677.30113090138,1639.90875999014,0.6432315662637925,0.3567684337362075,,,,,Tom Brady,Patrick Mahomes,231.6290078620419,260.52061441083146,12.512258016328296,25.11655198335951,0.5987481232409241,0.4012518767590759,,,"","",,,,
2019-12-08,2019,0,,LAR,SEA,1635.05963154983,1581.22003015962,0.6646522094592843,0.33534779054071573,,,,,Jared Goff,Russell Wilson,150.9741450499788,185.8100403655815,-3.277700165057345,5.755902388557751,0.6682199710856415,0.33178002891435854,,,"","",,,,
2019-12-09,2019,0,,PHI,NYG,1571.76350496555,1397.22163097049,0.7988165064476919,0.20118349355230813,,,,,Carson Wentz,Daniel Jones,185.45890994583974,110.63447999999998,2.8919959490003917,-29.75056524518595,0.8301357765895996,0.16986422341040042,,,"","",,,,
2019-12-12,2019,0,,BAL,NYJ,1604.36062171603,1345.33491936636,0.8659067627273735,0.13409323727262645,,,,,Lamar Jackson,Sam Darnold,177.85513269096373,115.14224694660598,18.37912737429054,7.4643457231536425,0.7856692814344621,0.21433071856553787,,,"","",,,,
2019-12-15,2019,0,,GB,CHI,1507.99464875202,1563.07125264348,0.5142770328836878,0.48572296711631224,,,,,Aaron Rodgers,Mitchell Trubisky,181.8481767470016,147.78895790114774,-1.937252987104719,-7.665094089409338,0.615326401851341,0.384673598148659,,,"","",,,,
2019-12-15,2019,0,,TEN,HOU,1509.52681443155,1513.60572962331,0.5867848810379303,0.41321511896206975,,,,,Marcus Mariota,Deshaun Watson,119.34683418369887,177.99522580091175,-6.1753418083037905,-1.7501641916259387,0.533130436012592,0.466869563987408,,,"","",,,,
2019-12-15,2019,0,,CAR,SEA,1476.02669457636,1581.22003015962,0.4424138070613538,0.5575861929386462,,,,,Cam Newton,Russell Wilson,153.5884063793541,185.8100403655815,-10.230384442633412,5.755902388557751,0.44150421170938214,0.5584957882906179,,,"","",,,,
2019-12-15,2019,0,,KC,DEN,1639.90875999014,1419.88418247957,0.8376347009031472,0.16236529909685282,,,,,Patrick Mahomes,Joe Flacco,260.52061441083146,155.3401623007047,25.11655198335951,6.166015470456613,0.8446096840935038,0.1553903159064962,,,"","",,,,
2019-12-15,2019,0,,PIT,BUF,1538.91174286514,1485.88701536035,0.6636058744439731,0.3363941255560269,,,,,Mason Rudolph,Josh Allen,78.89508,158.2513928972295,-143.1323946152456,15.116863871668363,0.392649634271211,0.607350365728789,,,"","",,,,
2019-12-15,2019,0,,WSH,PHI,1414.22795853294,1571.76350496555,0.36989263807133044,0.6301073619286696,,,,,Case Keenum,Carson Wentz,168.20359185670918,185.45890994583974,17.006670574046016,2.8919959490003917,0.3543528506555656,0.6456471493444345,,,"","",,,,
2019-12-15,2019,0,,CIN,NE,1389.76159956327,1677.30113090138,0.2173731563370224,0.7826268436629776,,,,,Andy Dalton,Tom Brady,139.9006396052694,231.6290078620419,6.869763512837942,12.512258016328296,0.20605035085052575,0.7939496491494742,,,"","",,,,
2019-12-15,2019,0,,DET,TB,1504.71879316841,1439.76273979713,0.6787617620852011,0.3212382379147989,,,,,Matthew Stafford,Jameis Winston,163.5696012167217,142.45793435316796,6.216640696510202,-11.503796471741298,0.6577356277098654,0.3422643722901346,,,"","",,,,
2019-12-15,2019,0,,NYG,MIA,1397.22163097049,1371.21444164375,0.6280544733154542,0.37194552668454584,,,,,Daniel Jones,Josh Rosen,110.63447999999998,51.45360845328,-29.75056524518595,-73.84661134644915,0.7085867296950996,0.2914132703049004,,,"","",,,,
2019-12-15,2019,0,,ARI,CLE,1379.76243769626,1453.98420096202,0.48673193148476335,0.5132680685152367,,,,,Kyler Murray,Baker Mayfield,116.74006356517393,146.67585281423908,7.163714639065031,-5.294450686844555,0.43596436931260174,0.5640356306873983,,,"","",,,,
2019-12-15,2019,0,,OAK,JAX,1408.11137665204,1461.43487376262,0.5167975147786991,0.48320248522130094,,,,,Derek Carr,Nick Foles,140.66497994342475,163.488868151235,-1.8135527201180337,1.8951021495931797,0.4784065361184284,0.5215934638815716,,,"","",,,,
2019-12-15,2019,0,,DAL,LAR,1580.75267121279,1635.05963154983,0.515383664115368,0.48461633588463204,,,,,Dak Prescott,Jared Goff,235.08924990216929,150.9741450499788,30.24353431051689,-3.277700165057345,0.5515509877501295,0.44844901224987055,,,"","",,,,
2019-12-15,2019,0,,SF,ATL,1493.50300877245,1516.86025143112,0.5596434095494872,0.4403565904505128,,,,,Jimmy Garoppolo,Matt Ryan,148.89554500044343,220.82613272475191,4.210872064669709,5.049202673921966,0.6175290806829921,0.38247091931700794,,,"","",,,,
2019-12-15,2019,0,,LAC,MIN,1583.70304942369,1541.12867786265,0.6500474669478192,0.34995253305218077,,,,,Philip Rivers,Kirk Cousins,171.7213699101087,155.3179721221986,-0.30176905217678607,-9.552974150635396,0.6398724159948528,0.3601275840051472,,,"","",,,,
2019-12-16,2019,0,,NO,IND,1592.94754840432,1560.75393730653,0.6363348519181632,0.3636651480818368,,,,,Drew Brees,Jacoby Brissett,209.1746809489326,119.79640737750016,-0.9095523023868544,-19.377522139591107,0.692498220159396,0.307501779840604,,,"","",,,,
2019-12-21,2019,0,,SF,LAR,1493.50300877245,1635.05963154983,0.39157529471278,0.60842470528722,,,,,Jimmy Garoppolo,Jared Goff,148.89554500044343,150.9741450499788,4.210872064669709,-3.277700165057345,0.46993051755477594,0.5300694824452241,,,"","",,,,
2019-12-21,2019,0,,LAC,OAK,1583.70304942369,1408.11137665204,0.7997859360573607,0.2002140639426393,,,,,Philip Rivers,Derek Carr,171.7213699101087,140.66497994342475,-0.30176905217678607,-1.8135527201180337,0.773603491044563,0.22639650895543695,,,"","",,,,
2019-12-21,2019,0,,NE,BUF,1677.30113090138,1485.88701536035,0.8139734434728768,0.1860265565271232,,,,,Tom Brady,Josh Allen,231.6290078620419,158.2513928972295,12.512258016328296,15.116863871668363,0.7862644858214008,0.21373551417859915,,,"","",,,,
2019-12-21,2019,0,,DEN,DET,1419.88418247957,1504.71879316841,0.47148666996911337,0.5285133300308866,,,,,Joe Flacco,Matthew Stafford,155.3401623007047,163.5696012167217,6.166015470456613,6.216640696510202,0.5118242222411012,0.48817577775889875,,,"","",,,,
2019-12-21,2019,0,,TB,HOU,1439.76273979713,1513.60572962331,0.487276661984707,0.512723338015293,,,,,Jameis Winston,Deshaun Watson,142.45793435316796,177.99522580091175,-11.503796471741298,-1.7501641916259387,0.45552752212727704,0.544472477872723,,,"","",,,,
2019-12-22,2019,0,,CLE,BAL,1453.98420096202,1604.36062171603,0.3795482329781617,0.6204517670218384,,,,,Baker Mayfield,Lamar Jackson,146.67585281423908,177.85513269096373,-5.294450686844555,18.37912737429054,0.4378059166369404,0.5621940833630596,,,"","",,,,
2019-12-22,2019,0,,WSH,NYG,1414.22795853294,1397.22163097049,0.6158727213330318,0.38412727866696816,,,,,Case Keenum,Daniel Jones,168.20359185670918,110.63447999999998,17.006670574046016,-29.75056524518595,0.6615036547530199,0.33849634524698013,,,"","",,,,
2019-12-22,2019,0,,ATL,JAX,1516.86025143112,1461.43487376262,0.6666837815656812,0.3333162184343188,,,,,Matt Ryan,Nick Foles,220.82613272475191,163.488868151235,5.049202673921966,1.8951021495931797,0.6141801085563405,0.38581989144365947,,,"","",,,,
2019-12-22,2019,0,,MIA,CIN,1371.21444164375,1389.76159956327,0.5664554934097835,0.4335445065902165,,,,,Josh Rosen,Andy Dalton,51.45360845328,139.9006396052694,-73.84661134644915,6.869763512837942,0.40063650181454474,0.5993634981854552,,,"","",,,,
2019-12-22,2019,0,,TEN,NO,1509.52681443155,1592.94754840432,0.4735152446640368,0.5264847553359632,,,,,Marcus Mariota,Drew Brees,119.34683418369887,209.1746809489326,-6.1753418083037905,-0.9095523023868544,0.45227019603359914,0.5477298039664009,,,"","",,,,
2019-12-22,2019,0,,NYJ,PIT,1345.33491936636,1538.91174286514,0.3229718482717168,0.6770281517282832,,,,,Sam Darnold,Mason Rudolph,115.14224694660598,78.89508,7.4643457231536425,-143.1323946152456,0.6362665820604956,0.3637334179395044,,,"","",,,,
2019-12-22,2019,0,,IND,CAR,1560.75393730653,1476.02669457636,0.7030573182458404,0.2969426817541596,,,,,Jacoby Brissett,Cam Newton,119.79640737750016,153.5884063793541,-19.377522139591107,-10.230384442633412,0.6252338186560237,0.3747661813439763,,,"","",,,,
2019-12-22,2019,0,,SEA,ARI,1581.22003015962,1379.76243769626,0.8225693841453281,0.1774306158546719,,,,,Russell Wilson,Kyler Murray,185.8100403655815,116.74006356517393,5.755902388557751,7.163714639065031,0.8000927925835237,0.19990720741647627,,,"","",,,,
2019-12-22,2019,0,,PHI,DAL,1571.76350496555,1580.75267121279,0.5799149531750653,0.42008504682493475,,,,,Carson Wentz,Dak Prescott,185.45890994583974,235.08924990216929,2.8919959490003917,30.24353431051689,0.5450500046671104,0.4549499953328896,,,"","",,,,
2019-12-22,2019,0,,CHI,KC,1563.07125264348,1639.90875999014,0.4829710463086962,0.5170289536913037,,,,,Mitchell Trubisky,Patrick Mahomes,147.78895790114774,260.52061441083146,-7.665094089409338,25.11655198335951,0.38671703628454046,0.6132829637154595,,,"","",,,,
2019-12-23,2019,0,,MIN,GB,1541.12867786265,1507.99464875202,0.6375866738551761,0.3624133261448239,,,,,Kirk Cousins,Aaron Rodgers,155.3179721221986,181.8481767470016,-9.552974150635396,-1.937252987104719,0.5462861476510295,0.45371385234897055,,,"","",,,,
2019-12-29,2019,0,,CAR,NO,1476.02669457636,1592.94754840432,0.42583118680454357,0.5741688131954564,,,,,Cam Newton,Drew Brees,153.5884063793541,209.1746809489326,-10.230384442633412,-0.9095523023868544,0.4176112558315095,0.5823887441684905,,,"","",,,,
2019-12-29,2019,0,,BUF,NYJ,1485.88701536035,1345.33491936636,0.7655321940722961,0.2344678059277039,,,,,Josh Allen,Sam Darnold,158.2513928972295,115.14224694660598,15.116863871668363,7.4643457231536425,0.6993907276861676,0.3006092723138324,,,"","",,,,
2019-12-29,2019,0,,NE,MIA,1677.30113090138,1371.21444164375,0.8943671241595076,0.10563287584049241,,,,,Tom Brady,Josh Rosen,231.6290078620419,51.45360845328,12.512258016328296,-73.84661134644915,0.9409317106302111,0.05906828936978892,,,"","",,,,
2019-12-29,2019,0,,BAL,PIT,1604.36062171603,1538.91174286514,0.6793800246808793,0.3206199753191207,,,,,Lamar Jackson,Mason Rudolph,177.85513269096373,78.89508,18.37912737429054,-143.1323946152456,0.8227369848550882,0.17726301514491183,,,"","",,,,
2019-12-29,2019,0,,DET,GB,1504.71879316841,1507.99464875202,0.5879053081954215,0.4120946918045785,,,,,Matthew Stafford,Aaron Rodgers,163.5696012167217,181.8481767470016,6.216640696510202,-1.937252987104719,0.4735847161182468,0.5264152838817532,,,"","",,,,
2019-12-29,2019,0,,NYG,PHI,1397.22163097049,1571.76350496555,0.3473804609884285,0.6526195390115714,,,,,Daniel Jones,Carson Wentz,110.63447999999998,185.45890994583974,-29.75056524518595,2.8919959490003917,0.2789954038314945,0.7210045961685054,,,"","",,,,
2019-12-29,2019,0,,CIN,CLE,1389.76159956327,1453.98420096202,0.5011187646520442,0.4988812353479558,,,,,Andy Dalton,Baker Mayfield,139.9006396052694,146.67585281423908,6.869763512837942,-5.294450686844555,0.4337156471825217,0.5662843528174784,,,"","",,,,
2019-12-29,2019,0,,MIN,CHI,1541.12867786265,1563.07125264348,0.5616493258023518,0.43835067419764817,,,,,Kirk Cousins,Mitchell Trubisky,155.3179721221986,147.78895790114774,-9.552974150635396,-7.665094089409338,0.5834274807008952,0.41657251929910477,,,"","",,,,
2019-12-29,2019,0,,HOU,TEN,1513.60572962331,1509.52681443155,0.5981229649379737,0.4018770350620263,,,,,Deshaun Watson,Marcus Mariota,177.99522580091175,119.34683418369887,-1.7501641916259387,-6.1753418083037905,0.6298216677673011,0.3701783322326989,,,"","",,,,
2019-12-29,2019,0,,DAL,WSH,1580.75267121279,1414.22795853294,0.7912973629070584,0.20870263709294157,,,,,Dak Prescott,Case Keenum,235.08924990216929,168.20359185670918,30.24353431051689,17.006670574046016,0.8068683245664926,0.1931316754335074,,,"","",,,,
2019-12-29,2019,0,,JAX,IND,1461.43487376262,1560.75393730653,0.4507709049943967,0.5492290950056034,,,,,Nick Foles,Jacoby Brissett,163.488868151235,119.79640737750016,1.8951021495931797,-19.377522139591107,0.589850372945327,0.41014962705467295,,,"","",,,,
2019-12-29,2019,0,,KC,LAC,1639.90875999014,1583.70304942369,0.6676812201634587,0.33231877983654134,,,,,Patrick Mahomes,Philip Rivers,260.52061441083146,171.7213699101087,25.11655198335951,-0.30176905217678607,0.7108386617594018,0.2891613382405982,,,"","",,,,
2019-12-29,2019,0,,TB,ATL,1439.76273979713,1516.86025143112,0.4825973136787228,0.5174026863212773,,,,,Jameis Winston,Matt Ryan,142.45793435316796,220.82613272475191,-11.503796471741298,5.049202673921966,0.4501442046206785,0.5498557953793215,,,"","",,,,
2019-12-29,2019,0,,LAR,ARI,1635.05963154983,1379.76243769626,0.8633950138442188,0.1366049861557812,,,,,Jared Goff,Kyler Murray,150.9741450499788,116.74006356517393,-3.277700165057345,7.163714639065031,0.8500221256814761,0.14997787431852394,,,"","",,,,
2019-12-29,2019,0,,SEA,SF,1581.22003015962,1493.50300877245,0.7066377245793067,0.29336227542069326,,,,,Russell Wilson,Jimmy Garoppolo,185.8100403655815,148.89554500044343,5.755902388557751,4.210872064669709,0.6143478082488708,0.3856521917511292,,,"","",,,,
2019-12-29,2019,0,,DEN,OAK,1419.88418247957,1408.11137665204,0.6087211480214131,0.3912788519785869,,,,,Joe Flacco,Derek Carr,155.3401623007047,140.66497994342475,6.166015470456613,-1.8135527201180337,0.6055831835505967,0.3944168164494033,,,"","",,,,
2020-01-03,2019,0,w,,,,,,,,,,,"","",,,0.0,0.0,,,,,"","",,,,
2020-01-03,2019,0,w,,,,,,,,,,,"","",,,0.0,0.0,,,,,"","",,,,
2020-01-04,2019,0,w,,,,,,,,,,,"","",,,0.0,0.0,,,,,"","",,,,
2020-01-04,2019,0,w,,,,,,,,,,,"","",,,0.0,0.0,,,,,"","",,,,
2020-01-10,2019,0,d,,,,,,,,,,,"","",,,0.0,0.0,,,,,"","",,,,
2020-01-10,2019,0,d,,,,,,,,,,,"","",,,0.0,0.0,,,,,"","",,,,
2020-01-11,2019,0,d,,,,,,,,,,,"","",,,0.0,0.0,,,,,"","",,,,
2020-01-11,2019,0,d,,,,,,,,,,,"","",,,0.0,0.0,,,,,"","",,,,
2020-01-18,2019,0,c,,,,,,,,,,,"","",,,0.0,0.0,,,,,"","",,,,
2020-01-18,2019,0,c,,,,,,,,,,,"","",,,0.0,0.0,,,,,"","",,,,
2020-02-01,2019,1,s,,,,,,,,,,,"","",,,0.0,0.0,,,,,"","",,,,
